"en","vi","ja"
"Riders","Tay đua","ライダー"
"Recruit","Chiêu mộ","スカウト"
"Lv {0}","Cấp {0}","Lv {0}"
"Shop","Cửa hàng","ショップ"
"{0} of {1} restored","Đã sửa {0}/{1}","{0}/{1} 修復済み"
"Build · {0}","Sửa · {0}","修理 · {0}"
"Play level {0} again","Chơi lại màn {0}","レベル{0}をもう一度"
"Play level {0}","Chơi màn {0}","レベル{0}をプレイ"
"Not enough coins: {0} needed, you have {1}.","Không đủ xu: cần {0}, bạn có {1}.","コインが足りません：{0}枚必要、所持{1}枚。"
"+{0} coins","+{0} xu","+{0} コイン"
"+1 star","+1 sao","+1 スター"
"{0} joined the club!","{0} đã gia nhập câu lạc bộ!","{0}がクラブに加入！"
"Keep going for {0} coins, or leaving costs a life.","Chơi tiếp với {0} xu, hoặc rời đi sẽ mất một mạng.","{0}コインで続行。やめるとライフが1つ減ります。"
"+{0} moves","+{0} lượt","+{0}手"
"Continue","Tiếp tục","続ける"
"Next level","Màn tiếp","次のレベル"
"LEVEL {0}","MÀN {0}","レベル {0}"
"MOVES","LƯỢT","残り手数"
"Play again","Chơi lại","もう一度"
"Home","Trang chủ","ホーム"
"Try again","Thử lại","リトライ"
"Level {0} complete!","Hoàn thành màn {0}!","レベル{0}クリア！"
"Out of moves","Hết lượt","手数切れ"
"{0} move to spare","Còn dư {0} lượt","{0}手残し"
"{0} moves to spare","Còn dư {0} lượt","{0}手残し"
"So close!","Suýt nữa thôi!","あと少し！"
"No lives left.","Hết mạng rồi.","ライフがありません。"
"The next one comes in {0}:{1:00}.","Mạng tiếp theo sau {0}:{1:00}.","次の回復まで {0}:{1:00}"
"Daily gift","Quà mỗi ngày","デイリーギフト"
"A gift for every day you visit. Day 7 is the biggest.","Mỗi ngày ghé thăm đều có quà. Ngày 7 là lớn nhất.","毎日ログインでプレゼント。7日目が一番豪華！"
"Day {0}","Ngày {0}","{0}日目"
"Claim {0} gems","Nhận {0} ngọc","{0}ジェムを受け取る"
"Come back tomorrow for the next gift.","Quay lại vào ngày mai để nhận quà tiếp.","次のギフトはまた明日。"
"Close","Đóng","閉じる"
"Demo shop: no real purchases.","Cửa hàng demo: không mua bằng tiền thật.","デモショップ：実際の購入はありません。"
"Packs are free in this build.","Các gói đều miễn phí trong bản này.","このバージョンではすべて無料です。"
"{0:N0} gems","{0:N0} ngọc","{0:N0} ジェム"
"Free","Miễn phí","無料"
"You have {0:N0} gems","Bạn có {0:N0} ngọc","所持ジェム：{0:N0}"
"Level {0}","Màn {0}","レベル {0}"
"Hard level","Màn khó","難関"
"in {0} moves","trong {0} lượt","{0}手以内"
"Squad","Đội hình","チーム"
"Boosters","Vật phẩm hỗ trợ","ブースター"
"Play","Chơi","プレイ"
"You have {0:N0} coins","Bạn có {0:N0} xu","所持コイン：{0:N0}"
"Play  ·  {0:N0} coins","Chơi  ·  {0:N0} xu","プレイ  ·  {0:N0}コイン"
"Riders join the club after level {0}.","Tay đua gia nhập câu lạc bộ sau màn {0}.","レベル{0}クリア後にライダーが加入します。"
"Add rider","Thêm tay đua","ライダー追加"
"Next life in {0}:{1:00}","Mạng tiếp theo sau {0}:{1:00}","次の回復まで {0}:{1:00}"
"Pick a rider","Chọn tay đua","ライダーを選択"
"{0} restored!","Đã sửa xong {0}!","{0} 修復完了！"
"+{0} gems","+{0} ngọc","+{0} ジェム"
"Fires a rocket along the fullest row","Bắn một tên lửa dọc hàng đầy nhất","一番埋まっている横列にロケットを1発"
"Fires {0} rockets along the fullest rows","Bắn {0} tên lửa dọc các hàng đầy nhất","埋まっている横列にロケットを{0}発"
"Fires a rocket down the fullest column","Bắn một tên lửa dọc cột đầy nhất","一番埋まっている縦列にロケットを1発"
"Fires {0} rockets down the fullest columns","Bắn {0} tên lửa dọc các cột đầy nhất","埋まっている縦列にロケットを{0}発"
"Breaks {0} crates, ice or chains","Phá {0} thùng, băng hoặc xích","木箱・氷・鎖を{0}個こわす"
"Turns {0} pieces into rockets and bombs","Biến {0} ô thành tên lửa và bom","{0}個のピースをロケットや爆弾に変える"
"+1 move","+1 lượt","+1手"
"Charges with {0} wheels","Sạc đầy bằng {0} bánh xe","車輪{0}個でチャージ"
"Charges with {0} jerseys","Sạc đầy bằng {0} áo đấu","ジャージ{0}個でチャージ"
"Charges with {0} gems","Sạc đầy bằng {0} viên ngọc","ジェム{0}個でチャージ"
"Charges with {0} bells","Sạc đầy bằng {0} chuông","ベル{0}個でチャージ"
"Charges with {0} nuts","Sạc đầy bằng {0} con ốc","ナット{0}個でチャージ"
"Charges with {0} drops","Sạc đầy bằng {0} giọt nước","しずく{0}個でチャージ"
"Watch me go!","Xem tôi bứt tốc này!","見ててね、いくよ！"
"Hills? Easy.","Dốc à? Dễ thôi.","坂道？楽勝。"
"Leave the bikes to me.","Xe cộ cứ để tôi lo.","自転車はまかせて。"
"Steady wins the day.","Đều đặn mới thắng.","コツコツが勝利への近道。"
"Breathe, then push.","Hít thở, rồi đạp.","深呼吸して、踏み込め。"
"Let's ride!","Lên đường thôi!","さあ、走ろう！"
"{0}: “{1}”","{0}: “{1}”","{0}「{1}」"
"Skip","Bỏ qua","スキップ"
"{0} new riders!","{0} tay đua mới!","新しいライダー{0}人！"
"1 new rider!","1 tay đua mới!","新しいライダー1人！"
"Shards for your riders","Mảnh cho các tay đua của bạn","ライダーのかけら"
"Done","Xong","完了"
"NEW","MỚI","NEW"
"+{0} shards","+{0} mảnh","+{0} かけら"
"Featured SSR","SSR nổi bật","ピックアップSSR"
"SSR guaranteed within {0} pulls","Chắc chắn có SSR trong {0} lượt","あと{0}回以内にSSR確定"
"Rates","Tỉ lệ","提供割合"
"No real purchases: gems come from playing.","Không mua bằng tiền thật: ngọc có được khi chơi.","課金なし：ジェムはプレイで手に入ります。"
"Every 10-pull has at least one SR.","Mỗi lượt 10 lần có ít nhất một SR.","10連ではSR以上が1体確定。"
"(featured)","(nổi bật)","（ピックアップ）"
"An SSR is guaranteed by pull {0}: the counter shows how many pulls are left.","Chắc chắn có SSR trước lượt thứ {0}: bộ đếm cho biết còn bao nhiêu lượt.","{0}回目までにSSR確定。カウンターに残り回数が表示されます。"
"Half of SSR pulls give the featured rider.","Một nửa số SSR là tay đua nổi bật.","SSRの半分はピックアップライダーです。"
"A rider you already have becomes shards that level them up.","Tay đua đã có sẽ thành mảnh để lên cấp.","所持済みのライダーはかけらになり、レベルアップに使えます。"
"{0} of {1} recruited","Đã chiêu mộ {0}/{1}","{0}/{1} 加入済み"
"Lv {0} · max","Cấp {0} · tối đa","Lv {0} · MAX"
"Level {0} of {1}","Cấp {0}/{1}","レベル {0}/{1}"
"{0} / {1} shards","{0} / {1} mảnh","かけら {0} / {1}"
"Level up to {0}","Lên cấp {0}","レベル{0}に上げる"
"More shards from Recruit","Thêm mảnh từ Chiêu mộ","かけらはスカウトで入手"
"Fully trained","Đã luyện tối đa","育成完了"
"Settings","Cài đặt","設定"
"Music","Nhạc","音楽"
"Sound effects","Hiệu ứng âm thanh","効果音"
"Vibration","Rung","振動"
"Reduce motion","Giảm chuyển động","動きを減らす"
"Workshop","Xưởng","工房"
"Café corner","Góc cà phê","カフェコーナー"
"Garage","Nhà xe","ガレージ"
"Training road","Đường tập","練習コース"
"Velodrome stands","Khán đài đường đua","競技場スタンド"
"Ông Bảy: ""The old place still has a heartbeat.""","Ông Bảy: ""Chốn cũ vẫn còn nhịp đập.""","Ông Bảy「この古い場所は、まだ鼓動している」"
"Linh: ""Coffee's back on? I'm bringing the whole squad tomorrow.""","Linh: ""Có cà phê lại rồi à? Mai mình dẫn cả đội đến.""","Linh「コーヒー復活？明日はチームみんなを連れてくるね」"
"Duy (Iron Spokes): ""Cute garage. Shame it'll be a car park by summer.""","Duy (Iron Spokes): ""Nhà xe xinh đấy. Tiếc là hè này sẽ thành bãi đỗ ô tô.""","Duy（アイアン・スポークス）「かわいいガレージだな。夏には駐車場になるのが残念だ」"
"Mai: ""A new club record! Let's see Duy beat that.""","Mai: ""Kỷ lục mới của câu lạc bộ! Để xem Duy có vượt nổi không.""","Mai「クラブ新記録！Duyに破れるかな」"
"Ông Bảy: ""Cadence Club stays. Thank you, Mai.""","Ông Bảy: ""Cadence Club ở lại. Cảm ơn con, Mai.""","Ông Bảy「ケイデンス・クラブは残る。ありがとう、Mai」"
"Sweep the floor","Quét sàn","床をそうじ"
"Fix the lights","Sửa đèn","照明を修理"
"Tool wall","Tường dụng cụ","工具の壁"
"Workbench","Bàn thợ","作業台"
"Repaint the sign","Sơn lại biển hiệu","看板を塗り直す"
"Bike stand","Giá dựng xe","自転車スタンド"
"Counter","Quầy","カウンター"
"Coffee machine","Máy pha cà phê","コーヒーマシン"
"Stools","Ghế đẩu","スツール"
"Plants","Cây xanh","観葉植物"
"Menu board","Bảng thực đơn","メニューボード"
"String lights","Dây đèn","ストリングライト"
"Bike racks","Giá để xe","駐輪ラック"
"Tyre wall","Tường lốp","タイヤの壁"
"Lockers","Tủ đồ","ロッカー"
"Washing bay","Khu rửa xe","洗車スペース"
"Pump station","Trạm bơm","空気入れステーション"
"Club banner","Băng rôn câu lạc bộ","クラブの旗"
"Cones","Cọc tiêu","コーン"
"Timing gate","Cổng bấm giờ","計測ゲート"
"Water station","Trạm nước","給水所"
"Rest bench","Ghế nghỉ","休憩ベンチ"
"Flags","Cờ","フラッグ"
"Lamp posts","Cột đèn","街灯"
"Seats","Ghế ngồi","観客席"
"Scoreboard","Bảng điểm","スコアボード"
"Bunting","Cờ dây","ガーランド"
"Food stall","Quầy đồ ăn","屋台"
"Podium","Bục trao giải","表彰台"
"Trophy case","Tủ cúp","トロフィーケース"
"Sprinter","Nước rút","スプリンター"
"Climber","Leo dốc","クライマー"
"Mechanic","Thợ máy","メカニック"
"Rouleur","Rouleur","ルーラー"
"Coach","Huấn luyện viên","コーチ"
"Coast Sprint","Nước rút ven biển","コースト・スプリント"
"Rockets","Tên lửa","ロケット"
"Bomb","Bom","爆弾"
"Disco","Disco","ディスコ"
"Handful of gems","Một nắm ngọc","ジェム ひとつかみ"
"Pouch of gems","Túi ngọc","ジェム袋"
"Chest of gems","Rương ngọc","ジェム宝箱"
